ID,Genus,Name,Dev,Stage,Maxilla,Mouth_Angle,Tip from premaxilla to dorsal fin insertion,Breast,Pelvic_to_anal_fin,Dorsal Fin Length,Anal_Fin_Length,Standard_Length,Body_Depth,Orbit_Diameter,Head_Length,Lower_Jaw_Length,Notes,,Tip from premaxilla to dorsal fin insertion,Breast,Pelvic_to_anal_fin,Dorsal Fin Length,Anal_Fin_Length,Standard_Length,Body_Depth,Orbit_Diameter,Head_Length,Lower_Jaw_Length
39974,Taractes,Taractes rubescens,Adult,1,6.572,,26.148,13.366,18.116,30.254,18.055,63.492,24.717,4.545,20.119,11.489,,,0.411831412,0.210514711,0.285327285,0.476500977,0.284366534,1,0.389293139,0.071583822,0.316874567,0.180951931
44137,Brama,Brama japonica,Adult,1,3.493,,18.239,8.675,6.484,21.539,16.245,40.259,18.764,2.655,11.096,4.487,,,0.287264537,0.136631387,0.102123102,0.339239589,0.255859006,1,0.295533296,0.041816292,0.174762175,0.070670321
44138,Brama,Brama japonica,Adult,1,2.539,,17.494,9.609,7.468,24.144,17.903,38.944,18.735,2.331,9.056,4.307,Crooked body,,0.275530776,0.151341901,0.117621118,0.38026838,0.281972532,1,0.295076545,0.036713287,0.142632143,0.067835318
44139,Taractichthys,Taractichthys steindachneri,Adult,1,5.947,,28.07,8.644,12.387,33.145,26.632,64.586,31.233,4.412,18.381,8.765,,,0.442102942,0.136143136,0.195095445,0.522034272,0.419454419,1,0.491920242,0.069489069,0.28950104,0.138048888
44140,Taractes,Taractes rubescens,Adult,1,4.767,,23.272,5.927,14.464,23.971,15.43,49.648,19.447,3.536,15.404,6.574,,,0.366534367,0.093350343,0.227808228,0.377543628,0.243022743,1,0.306290556,0.055692056,0.242613243,0.103540604
44141,Taractichthys,Taractichthys steindachneri,Adult,1,3.822,,25.51,7.242,12.485,28.603,22.227,46.735,24.48,2.748,12.793,5.197,,,0.401782902,0.114061614,0.196638947,0.4504977,0.3500756,1,0.385560386,0.043281043,0.201489951,0.081852832
44142,Brama,Brama japonica,Adult,1,3.799,,18.951,7.883,7.912,22.874,19.031,46.043,21.068,3.036,12.276,6.669,,,0.298478548,0.124157374,0.124614125,0.36026586,0.29973855,1,0.331821332,0.047817048,0.193347193,0.105036855
44143,Brama,Brama japonica,Adult,1,3.352,,17.804,9.795,6.985,23.203,17.326,44.949,20.035,2.644,10.994,5.525,Damaged,,0.28041328,0.154271404,0.11001386,0.365447615,0.272884773,1,0.315551566,0.041643042,0.173155673,0.087018837
44144,Brama,Brama japonica,Adult,1,3.219,,22.441,8.916,9.011,24.281,19.095,43.846,20.846,2.995,11.982,6.033,,,0.353446103,0.14042714,0.141923392,0.382426132,0.300746551,1,0.328324828,0.047171297,0.188716689,0.095019845
44145,Taractes,Taractes rubescens,Adult,1,6.941,,28.67,7.105,22.086,35.961,20.441,69.955,28.238,5.295,21.695,8.904,,,0.451552952,0.111903862,0.347854848,0.566386316,0.321946072,1,0.444748945,0.083396333,0.341696592,0.14023814
44147,Taractichthys,Taractichthys steindachneri,Adult,1,3.927,,24.462,6.484,11.476,26.639,22.279,47.994,22.857,2.903,12.831,6.418,,,0.385276885,0.102123102,0.180747181,0.41956467,0.350894601,1,0.35999811,0.045722296,0.202088452,0.101083601
46322,Taractes,Taractes rubescens,Adult,1,5.739,,28.127,9.245,17.642,34.453,19.709,60.081,24.708,4.27,20.258,11.453,,,0.443000693,0.145608896,0.277861778,0.542635293,0.31041706,1,0.389151389,0.067252567,0.319063819,0.18038493
46324,Taractichthys,Taractichthys steindachneri,Adult,1,3.737,,18.719,4.817,7.496,22.134,17.22,68.332,33.479,4.139,10.16,5.103,,,0.294824545,0.075867826,0.118062118,0.348610849,0.271215271,1,0.527294777,0.065189315,0.16002016,0.08037233
46325,Taractes,Taractes rubescens,Adult,1,2.995,,24.861,9.717,18.347,29.143,16.545,59.744,24.039,3.64,16.155,9.078,,,0.391561142,0.153042903,0.288965539,0.459002709,0.260584011,1,0.378614629,0.057330057,0.254441504,0.142978643
46326,Taractes,Taractes rubescens,Adult,1,6.225,,26.421,11.428,20.646,27.91,16.91,66.059,24.149,4.544,19.583,10.724,,,0.416131166,0.17999118,0.325174825,0.43958294,0.266332766,1,0.38034713,0.071568072,0.308432558,0.168903169
46327,Brama,Brama japonica,Adult,1,3.886,,18.379,9.034,7.718,23.316,19.855,42.05,19.084,2.519,10.145,4.822,,,0.289469539,0.142285642,0.121558622,0.367227367,0.312716563,1,0.300573301,0.03967429,0.15978391,0.075946576
46328,Taractes,Taractes rubescens,Adult,1,6.236,,27.522,10.393,20.145,33.149,18.391,65.931,24.635,4.348,16.72,9.005,Maxilla?,,0.433471933,0.163689914,0.317284067,0.522097272,0.28965854,1,0.388001638,0.068481068,0.263340263,0.141828892
46329,Taractichthys,Taractichthys steindachneri,Adult,1,4.249,,22.5,6.968,10.371,27.03,21.478,46.245,25.365,3.047,14.401,7.414,,,0.354375354,0.10974611,0.163343413,0.425722926,0.338278838,1,0.399499149,0.047990298,0.226815977,0.116770617
46330,Taractes,Taractichthys longipinnis,Adult,1,2.678,,17.361,5.204,8.405,19.855,18.455,33.55,18.702,2.095,9.055,4.62,,,0.273436023,0.081963082,0.132378882,0.312716563,0.290666541,1,0.294556795,0.032996283,0.142616393,0.072765073
46331,Taractichthys,Taractichthys longipinnis,Adult,1,2.847,,13.753,4.648,6.843,18.191,15.697,33.3,19.338,1.986,10.536,5.899,,,0.216609967,0.073206073,0.107777358,0.286508537,0.247227997,1,0.304573805,0.031279531,0.165942166,0.092909343
46333,Brama,Brama japonica,Adult,1,2.116,,13.198,7.097,5.92,18.748,13.521,32.857,14.011,1.841,7.738,3.604,,,0.207868708,0.111777862,0.093240093,0.295281295,0.212955963,1,0.220673471,0.028995779,0.121873622,0.056763057
46334,Brama,Brama japonica,Adult,1,3.15,,15.704,8.709,5.961,18.407,13.549,38.393,16.428,2.698,9.123,4.699,"Bent, maxilla?",,0.247338247,0.137166887,0.093885844,0.28991054,0.213396963,1,0.258741259,0.042493542,0.143687394,0.074009324
46335,Brama,Brama japonica,Adult,1,2.724,,13.41,6.686,6.265,17.846,11.629,32.012,14.654,2.19,8.503,3.859,Glove Covering,,0.211207711,0.105304605,0.098673849,0.281074781,0.183156933,1,0.230800731,0.034492534,0.133922384,0.060779311
46336,Brama,Brama brama,Adult,1,2.931,,16.92,7.175,5.979,19.416,14.912,36.819,16.423,2.445,9.612,4.609,,,0.266490266,0.113006363,0.094169344,0.305802306,0.234864235,1,0.258662509,0.038508789,0.151389151,0.072591823
46337,Brama,Brama brama,Adult,1,2.721,,17.525,7.542,5.99,18.214,14.941,35.41,15.918,2.115,8.996,5.191,Damaged,,0.276019026,0.118786619,0.094342594,0.286870787,0.235320985,1,0.250708751,0.033311283,0.141687142,0.081758332
46339,Brama,Brama japonica,Adult,1,2.45,,15.602,5.944,5.952,16.625,14.493,29.657,14.281,2.009,9.282,4.813,,,0.245731746,0.093618094,0.093744094,0.261844012,0.228264978,1,0.224925975,0.031641782,0.146191646,0.075804826
46340,Brama,Brama japonica,Adult,1,2.944,,13.937,7.42,5.414,19.319,14.511,32.025,15.148,1.978,8.839,4.403,Damaged,,0.21950797,0.116865117,0.085270585,0.304274554,0.228548479,1,0.238581239,0.031153531,0.139214389,0.069347319
46341,Brama,Brama japonica,Adult,1,3.247,,17.236,7.837,7.451,21.403,15.802,37.983,17.585,2.402,9.382,4.797,Tail Bent,,0.271467271,0.123432873,0.117353367,0.337097587,0.248881749,1,0.276964027,0.037831538,0.147766648,0.075552826
46342,Brama,Brama japonica,Adult,1,2.538,,17.821,10.206,6.98,20.842,17.795,36.258,16.759,2.479,9.645,4.791,Damaged,,0.280681031,0.160744661,0.10993511,0.328261828,0.28027153,1,0.263954514,0.039044289,0.151908902,0.075458325
46343,Brama,Brama japonica,Adult,1,3.035,,12.899,5.953,4.833,14.837,12.039,31.648,13.703,1.981,7.468,4.498,,,0.203159453,0.093759844,0.076119826,0.233682984,0.18961444,1,0.215822466,0.031200781,0.117621118,0.070843571
46344,Brama,Brama japonica,Adult,1,2.799,,13.601,6.917,5.758,17.332,13.791,32.865,14.368,2.048,7.656,4.74,,,0.214215964,0.108942859,0.090688591,0.272979273,0.217208467,1,0.226296226,0.032256032,0.120582121,0.074655075
46345,Brama,Brama japonica,Adult,1,3.113,,18.859,8.353,8.43,22.227,17.449,40.28,17.014,2.497,9.671,5.278,,,0.297029547,0.131559882,0.132772633,0.3500756,0.274822025,1,0.267970768,0.039327789,0.152318402,0.083128583
46346,Taractichthys,Taractichthys steindachneri,Adult,1,3.576,,26.916,9.732,10.726,25.621,23.387,51.725,23.095,2.834,13.481,7.78,Damaged,,0.423927424,0.153279153,0.168934669,0.403531154,0.368345618,1,0.363746614,0.044635545,0.212325962,0.122535123
46347,Taractes,Taractes asper,Adult,1,4.354,,16.453,6.26,13.113,21.89,14.513,40.376,17.189,3.198,11.654,6.201,Damaged middle,,0.259135009,0.098595099,0.206529957,0.344767845,0.228579979,1,0.270727021,0.05036855,0.183550684,0.097665848
46348,Taractes,Taractes asper,Adult,1,3.394,,16.879,5.298,10.692,19.459,15.228,37.91,15.167,3.636,11.276,7.01,,,0.265844516,0.083443583,0.168399168,0.306479556,0.23984124,1,0.238880489,0.057267057,0.177597178,0.11040761
46349,Taractes,Taractes asper,Adult,1,5.408,,16.517,7.586,10.387,20.331,15.018,42.513,17.537,3.37,12.086,8.556,,,0.26014301,0.119479619,0.163595414,0.32021357,0.236533737,1,0.276208026,0.053077553,0.19035469,0.134757135
46350,Taractichthys,Taractichthys steindachneri,Adult,1,3.833,,14.713,5.781,8.336,18.45,14.925,34.142,17.084,2.153,9.532,5.46,,,0.231729982,0.091050841,0.131292131,0.290587791,0.235068985,1,0.269073269,0.033909784,0.15012915,0.085995086
46351,Taractichthys,Taractichthys steindachneri,Adult,1,4.611,,26.109,7.726,15.641,31.949,24.343,59.285,28.271,3.985,17.254,8.992,,,0.411217161,0.121684622,0.246345996,0.503197253,0.383402633,1,0.445268695,0.062763813,0.271750772,0.141624142
46352,Taractichthys,Taractichthys steindachneri,Adult,1,6.043,,30.882,10.999,16.294,32.992,26.105,65.273,30.53,4.541,19.782,10.557,,,0.486391986,0.173234423,0.256630757,0.51962452,0.411154161,1,0.480847981,0.071520822,0.311566812,0.166272916
46353,Taractichthys,Taractichthys steindachneri,Adult,1,3.194,,16.913,5.758,9.539,19.687,15.632,34.175,18.323,2.245,10.081,5.57,,,0.266380016,0.090688591,0.1502394,0.31007056,0.246204246,1,0.288587539,0.035358785,0.158775909,0.087727588
46354,Taractichthys,Taractichthys steindachneri,Adult,1,3.505,,17.18,6.395,8.635,20.171,17.29,35.736,19.402,2.28,11.638,6.283,,,0.270585271,0.100721351,0.136001386,0.317693568,0.272317772,1,0.305581806,0.035910036,0.183298683,0.098957349
46355,Taractes,Taractes rubescens,Adult,1,6.967,,27.654,10.432,22.055,33.068,19.136,69.024,26.9,4.391,16.94,9.185,,,0.435550936,0.164304164,0.347366597,0.520821521,0.301392301,1,0.423675424,0.069158319,0.266805267,0.144663895
46356,Brama,Brama japonica,Adult,1,3.568,,16.975,10.028,6.371,21.197,15.998,37.676,17.57,2.256,9.464,5.205,,,0.267356517,0.157941158,0.10034335,0.333853084,0.251968752,1,0.276727777,0.035532036,0.149058149,0.081978832
46357,Brama,Brama japonica,Adult,1,3.305,,17.56,9.289,6.924,24.117,18.699,40.609,17.689,2.109,9.713,4.977,Maxilla?,,0.276570277,0.146301896,0.109053109,0.37984313,0.294509545,1,0.278602029,0.033216783,0.152979903,0.078387828
46358,Brama,Brama japonica,Adult,1,3.167,,16.822,9.721,6.166,23.19,18.005,38.312,17.573,2.497,9.968,5.11,,,0.264946765,0.153105903,0.097114597,0.365242865,0.283579034,1,0.276775027,0.039327789,0.156996157,0.08048258
57530,Taractichthys,Taractichthys steindachneri,Adult,1,6.166,,28.239,9.924,14.729,34.355,25.857,61.987,27.449,4.259,17.238,8.856,,,0.444764695,0.156303156,0.231981982,0.541091791,0.407248157,1,0.432322182,0.067079317,0.271498771,0.139482139
57531,Taractes,Taractes rubescens,Adult,1,6.226,,27.528,11.035,21.222,32.689,20.322,66.52,24.545,3.987,17.521,8.433,,,0.433566434,0.173801424,0.334246834,0.514852265,0.32007182,1,0.386584137,0.062795313,0.275956026,0.132819883
57532,Taractichthys,Taractichthys steindachneri,Adult,1,4.452,,22.151,17.991,11.241,25.508,19.8,45.254,22.842,3.285,12.718,7.634,,,0.348878599,0.283358533,0.177045927,0.401751402,0.311850312,1,0.35976186,0.051738802,0.2003087,0.12023562
57533,Taractichthys,Taractichthys steindachneri,Adult,1,4.248,,21.111,5.985,11.02,27.049,20.522,48.163,23.789,3.392,14.21,7.837,,,0.332498582,0.094263844,0.173565174,0.426022176,0.323221823,1,0.374677125,0.053424053,0.223807724,0.123432873
57534,Taractichthys,Taractichthys steindachneri,Adult,1,3.874,,18.147,5.104,9.756,21.435,16.65,37.786,19.064,2.109,11.699,6.311,,,0.285815536,0.08038808,0.153657154,0.337601588,0.262237762,1,0.3002583,0.033216783,0.184259434,0.099398349
57535,Taractichthys,Taractichthys steindachneri,Adult,1,2.927,,16.234,5.557,9.678,20.993,16.664,36.039,18.595,2.147,9.481,4.771,,,0.255685756,0.087522838,0.152428652,0.330640081,0.262458262,1,0.292871543,0.033815284,0.149325899,0.075143325
96428,Taractichthys,Taractichthys longipinnis,Adult,1,3.157,,18.009,5.418,9.973,22.325,17.115,36.698,17.805,2.013,10.565,5.556,,,0.283642034,0.085333585,0.157074907,0.351619102,0.26956152,1,0.28042903,0.031704782,0.166398916,0.087507088
172796,Taractichthys,Taractichthys steindachneri,Adult,1,4.192,,24.283,7.776,14.525,28.634,23.199,51.488,24.495,3.706,13.814,8.009,,,0.382457632,0.122472122,0.228768979,0.450985951,0.365384615,1,0.385796636,0.058369558,0.217570718,0.126141876
AUMNH_I_16126_001,Pteraclis,Pteraclis aesticola,Adult,1,3.263,,1.98,1.688,0.494,34.595,31.379,34.281,10.103,2.322,7.666,3.522,,,0.031185031,0.026586027,0.007780508,0.544871795,0.494219744,1,0.159122409,0.036571537,0.120739621,0.055471555
AUMNH_I_21126_002,Pteraclis,Pteraclis velifera,Adult,1,2.428,,1.369,1.339,0.636,34.47,29.793,34.311,10.225,1.96,6.912,3.348,,,0.021561772,0.021089271,0.01001701,0.542903043,0.469240219,1,0.161043911,0.030870031,0.108864109,0.052731053
AUMNH_I_22821_035,Eumegistus,Eumegistus illustris,Adult,1,2.869,,15.205,8.395,8.878,18.77,11.888,33.948,16.278,2.352,8.863,5.298,,,0.239478989,0.132221382,0.13982864,0.295627796,0.187236187,1,0.256378756,0.037044037,0.13959239,0.083443583
AUMNH_I_27500_001,Xenobrama,Xenobrama_microlepis,Adult,1,3.087,,16.255,7.016,8.857,19.869,13.819,35.881,15.218,2.444,9.028,4.458,,,0.256016506,0.110502111,0.139497889,0.312937063,0.217649468,1,0.23968374,0.038493038,0.142191142,0.07021357
AUMNH_I_32757_001,Pteraclis,Pteraclis aesticola,Adult,1,2.317,,1.89,,,39.368,32.697,39.644,11.736,2.295,8.952,3.975,,,0.02976753,,,0.62004662,0.514978265,1,0.184842185,0.036146286,0.140994141,0.062606313
AUMNH_I_33330_001,Taractichthys,Taractichthys steindachneri,Adult,1,4.187,,20.616,9.414,11.767,25.924,20.248,47.692,26.811,2.778,11.505,5.045,,,0.324702325,0.148270648,0.185330435,0.408303408,0.318906319,1,0.422273672,0.043753544,0.181203931,0.079458829
AUMNH_I_34097_001,Taractichthys,Taractichthys steindachneri,Adult,1,5.888,,21.339,5.411,9.268,24.33,19.575,41.723,24.311,2.646,12.901,5.726,,,0.336089586,0.085223335,0.145971146,0.383197883,0.308306558,1,0.382898633,0.041674542,0.203190953,0.09018459
AUMNH_I_34633_001,Taractichthys,Taractichthys steindachneri,Adult,1,4.441,,17.081,6.656,10.036,21.366,17.237,36.575,22.044,1.988,9.711,4.4,,,0.269026019,0.104832105,0.158067158,0.336514837,0.271483021,1,0.347193347,0.031311031,0.152948403,0.069300069
AUMNH_I_34990_001,Pteraclis,Pteraclis velifera,Adult,1,4.198,,3.123,1.655,1.468,46.993,41.133,48.59,11.798,2.864,9.606,3.953,,,0.049187299,0.026066276,0.023121023,0.74014049,0.647845398,1,0.185818686,0.045108045,0.151294651,0.062259812
AUMNH_I_37875_001,Taractes,Taractes asper,Adult,1,4.395,,14.91,5.265,10.247,17.78,13,35.292,14.917,3.487,11.199,6.036,,,0.234832735,0.082923833,0.161390411,0.28003528,0.204750205,1,0.234942985,0.054920305,0.176384426,0.095067095
AUMNH_I_39920_002,Taractichthys,Taractichthys steindachneri,Adult,1,1.442,,7.456,3.349,4.216,9.669,7.276,15.942,9.78,1.367,4.57,2.504,,,0.117432117,0.052746803,0.066402066,0.152286902,0.114597115,1,0.154035154,0.021530272,0.071977572,0.039438039
AUMNH_I_43350_001,Pteraclis,Pteraclis aesticola,Adult,1,3.568,,3.398,,,39.932,34.653,42.129,11.118,2.118,8.48,4.074,,,0.053518554,,,0.628929629,0.545785296,1,0.175108675,0.033358533,0.133560134,0.064165564
AUMNH_IB_3555,Pteraclis,Pteraclis aesticola,Adult,1,3.513,,2.199,,,35.607,30.436,36.865,9.467,2.024,9.366,4.057,,,0.034634285,,,0.560810811,0.479367479,1,0.149105399,0.031878032,0.147514648,0.063897814
Fresh,Pterycombus,Pterycombus petersii,Adult,1,0.866,,1.017,0.883,0.518,6.535,5.742,7.931,2.929,1.022,2.059,1.233,,,0.016017766,0.013907264,0.008158508,0.102926353,0.09043659,1,0.046131796,0.016096516,0.032429282,0.019419769
MCZ_131846,Taractichthys,Taractichthys longipinnis,Adult,1,3.913,,18.955,7.258,9.089,24.2,18.813,41.661,23.396,2.026,12.842,7.176,,,0.298541549,0.114313614,0.143151893,0.381150381,0.296305046,1,0.368487368,0.031909532,0.202261702,0.113022113
MCZ_148056,Taractes,Taractes asper,Juvenile,0,1.279,,2.752,0.851,1.554,2.798,2.087,5.761,2.671,0.928,2.365,1.411,,,0.043344043,0.013403263,0.024475524,0.044068544,0.032870283,1,0.042068292,0.014616015,0.037248787,0.022223272
MCZ_148057,Taractes,Taractes asper,Adult,1,2.218,,7.027,0.957,4.893,8.901,6.376,16.739,7.791,1.646,5.492,3.723,,,0.110675361,0.015072765,0.077064827,0.14019089,0.1004221,1,0.122708373,0.025924526,0.086499086,0.058637309
MCZ_148060,Taractes,Taractes rubescens,Juvenile,0,1.187,,2.677,1.07,1.628,2.163,1.33,4.876,2.673,0.766,2.218,1.447,,,0.042162792,0.016852517,0.025641026,0.034067284,0.020947521,1,0.042099792,0.012064512,0.034933535,0.022790273
MCZ_148066_1,Brama,Brama orcini,Adult,1,3.55,,11.626,7.688,4.682,16.288,13.768,27.467,13.441,1.531,6.562,3.679,Crooked body,,0.183109683,0.121086121,0.073741574,0.256536257,0.216846217,1,0.211695962,0.024113274,0.103351603,0.057944308
MCZ_148066_2,Brama,Brama orcini,Adult,1,2.665,,9.596,7.151,3.21,10.5,9.377,20.743,10.07,1.449,5.394,2.775,Crooked body,,0.151137151,0.112628363,0.050557551,0.165375165,0.147687898,1,0.158602659,0.022821773,0.084955585,0.043706294
MCZ_148085,Pterycombus,Pterycombus brama,Juvenile,0,0.352,,0.623,0.123,0.159,0.817,0.58,1.237,0.692,0.269,0.599,0.34,,,0.00981226,0.001937252,0.002504253,0.012867763,0.009135009,1,0.010899011,0.004236754,0.009434259,0.005355005
MCZ_148087,Pterycombus,Pterycombus brama,Juvenile,0,0.475,,0.749,0.225,0.175,1.298,1.001,1.82,0.982,0.371,0.822,0.505,,,0.011796762,0.003543754,0.002756253,0.02044352,0.015765766,1,0.015466515,0.005843256,0.012946513,0.007953758
MCZ_148092,Pterycombus,Pterycombus brama,Juvenile,0,0.422,,0.687,0.273,0.212,1.056,0.745,1.577,0.861,0.338,0.758,0.446,,,0.010820261,0.004299754,0.003339003,0.016632017,0.011733762,1,0.013560764,0.005323505,0.011938512,0.007024507
MCZ_148113,Pterycombus,Pterycombus brama,Juvenile,0,0.037,,0.059,0.015,0.015,0.081,0.052,0.122,0.067,0.028,0.059,0.034,,,0.000929251,0.00023625,0.00023625,0.001275751,0.000819001,1,0.001055251,0.000441,0.000929251,0.000535501
MCZ_148116_1,Pterycombus,Pterycombus brama,Juvenile,0,0.503,,0.761,0.263,0.256,1.697,1.367,2.211,1.151,0.422,0.946,0.533,,,0.011985762,0.004142254,0.004032004,0.026727777,0.021530272,1,0.018128268,0.006646507,0.014899515,0.008394758
MCZ_148116_2,Pterycombus,Pterycombus brama,Juvenile,0,0.332,,0.56,0.144,0.084,0.797,0.576,1.192,0.644,0.273,0.546,0.299,,,0.008820009,0.002268002,0.001323001,0.012552763,0.009072009,1,0.01014301,0.004299754,0.008599509,0.004709255
MCZ_148116_3,Pterycombus,Pterycombus brama,Juvenile,0,0.287,,0.484,0.127,0.17,0.595,0.498,1.019,0.499,0.24,0.465,0.253,,,0.007623008,0.002000252,0.002677503,0.009371259,0.007843508,1,0.007859258,0.003780004,0.007323757,0.003984754
MCZ_148117_1,Pterycombus,Pterycombus brama,Juvenile,0,0.25,,0.469,0.132,0.089,0.604,0.475,1.004,0.514,0.21,0.452,0.246,,,0.007386757,0.002079002,0.001401751,0.00951301,0.007481257,1,0.008095508,0.003307503,0.007119007,0.003874504
MCZ_148117_2,Pterycombus,Pterycombus brama,Juvenile,0,0.227,,0.454,0.113,0.144,0.458,0.382,0.9,0.446,0.214,0.404,0.235,,,0.007150507,0.001779752,0.002268002,0.007213507,0.006016506,1,0.007024507,0.003370503,0.006363006,0.003701254
MCZ_148117_3,Pterycombus,Pterycombus brama,Juvenile,0,0.186,,0.423,0.104,0.153,0.516,0.464,0.89,0.424,0.173,0.374,0.191,,,0.006662257,0.001638002,0.002409752,0.008127008,0.007308007,1,0.006678007,0.002724753,0.005890506,0.003008253
MCZ_148117_4,Pterycombus,Pterycombus brama,Juvenile,0,0.302,,0.499,0.13,0.145,0.639,0.53,1.074,0.537,0.228,0.494,0.305,,,0.007859258,0.002047502,0.002283752,0.01006426,0.008347508,1,0.008457758,0.003591004,0.007780508,0.004803755
MCZ_148117_5,Pterycombus,Pterycombus brama,Juvenile,0,0.191,,0.404,0.128,0.141,0.507,0.481,0.891,0.423,0.19,0.393,0.216,,,0.006363006,0.002016002,0.002220752,0.007985258,0.007575758,1,0.006662257,0.002992503,0.006189756,0.003402003
MCZ_148124,Pterycombus,Pterycombus brama,Juvenile,0,0.115,,0.387,0.082,0.045,0.568,0.341,0.838,0.383,0.149,0.319,0.192,,,0.006095256,0.001291501,0.000708751,0.008946009,0.005370755,1,0.006032256,0.002346752,0.005024255,0.003024003
MCZ_148260,Pteraclis,Pteraclis carolinus,Juvenile,0,0.135,,0.272,0.07,0.085,0.523,0.311,0.672,0.323,0.148,0.263,0.179,,,0.004284004,0.001102501,0.001338751,0.008237258,0.004898255,1,0.005087255,0.002331002,0.004142254,0.002819253
MCZ_148261,Pteraclis,Pteraclis carolinus,Juvenile,0,0.188,,0.324,0.108,0.099,0.771,0.371,1.007,0.482,0.233,0.443,0.263,,,0.005103005,0.001701002,0.001559252,0.012143262,0.005843256,1,0.007591508,0.003669754,0.006977257,0.004142254
MCZ_148262,Pteraclis,Pteraclis carolinus,Juvenile,0,0.19,,0.356,0.165,0.076,0.753,0.451,0.986,0.428,0.249,0.477,0.262,,,0.005607006,0.002598753,0.001197001,0.011859762,0.007103257,1,0.006741007,0.003921754,0.007512758,0.004126504
MCZ_148264_1,Pteraclis,Pteraclis carolinus,Juvenile,0,0.151,,0.265,0.078,0.091,0.427,0.378,0.668,0.327,0.146,0.307,0.185,Bent,,0.004173754,0.001228501,0.001433251,0.006725257,0.005953506,1,0.005150255,0.002299502,0.004835255,0.002913753
MCZ_148264_2,Pteraclis,Pteraclis carolinus,Juvenile,0,0.132,,0.164,0.09,0.193,0.333,0.145,0.581,0.259,0.115,0.245,0.239,,,0.002583003,0.001417501,0.003039753,0.005244755,0.002283752,1,0.004079254,0.001811252,0.003858754,0.003764254
MCZ_148265,Pteraclis,Pteraclis carolinus,Juvenile,0,0.022,,0.033,0.007,0.007,0.063,0.056,0.039,0.046,0.02,0.04,0.022,,,0.000519751,0.00011025,0.00011025,0.000992251,0.000882001,1,0.000724501,0.000315,0.000630001,0.0003465
MCZ_148266,Pteraclis,Pteraclis carolinus,Juvenile,0,0.13,,0.321,0.104,0.118,0.638,0.426,0.881,0.4,0.196,0.402,0.214,,,0.005055755,0.001638002,0.001858502,0.01004851,0.006709507,1,0.006300006,0.003087003,0.006331506,0.003370503
MCZ_148267,Pteraclis,Pteraclis carolinus,Juvenile,0,0.1,,0.301,0.073,0.119,0.542,0.371,0.747,0.336,0.153,0.324,0.155,,,0.004740755,0.001149751,0.001874252,0.008536509,0.005843256,1,0.005292005,0.002409752,0.005103005,0.002441252
MCZ_148268,Pteraclis,Pteraclis carolinus,Juvenile,0,0.121,,0.302,0.128,0.214,0.517,0.329,0.712,0.365,0.165,0.302,0.203,,,0.004756505,0.002016002,0.003370503,0.008142758,0.005181755,1,0.005748756,0.002598753,0.004756505,0.003197253
MCZ_148269,Pteraclis,Pteraclis carolinus,Juvenile,0,0.257,,0.324,0.226,0.297,1.273,0.809,1.47,0.742,0.319,0.649,0.367,,,0.005103005,0.003559504,0.004677755,0.02004977,0.012741763,1,0.011686512,0.005024255,0.01022176,0.005780256
MCZ_148270,Pteraclis,Pteraclis carolinus,Juvenile,0,0.14,,0.3,0.087,0.051,0.697,0.433,0.862,0.426,0.202,0.396,0.218,,,0.004725005,0.001370251,0.000803251,0.010977761,0.006819757,1,0.006709507,0.003181503,0.006237006,0.003433503
MCZ_148271,Pteraclis,Pteraclis carolinus,Juvenile,0,0.135,,0.329,0.099,0.082,0.574,0.502,0.821,0.447,0.148,0.316,0.2,,,0.005181755,0.001559252,0.001291501,0.009040509,0.007906508,1,0.007040257,0.002331002,0.004977005,0.003150003
MCZ_148276_1,Pterycombus,Pterycombus brama,Adult,1,0.533,,1.104,0.165,0.572,3.96,3.771,5.174,2.201,0.525,1.275,0.849,,,0.017388017,0.002598753,0.009009009,0.062370062,0.059393309,1,0.034665785,0.008268758,0.02008127,0.013371763
MCZ_148276_2,Pterycombus,Pterycombus brama,Adult,1,0.395,,1.057,0.237,0.429,2.611,2.241,3.694,1.659,0.522,1.303,0.847,,,0.016647767,0.003732754,0.006756757,0.041123291,0.035295785,1,0.026129276,0.008221508,0.020522271,0.013340263
MCZ_148277,Pterycombus,Pterycombus brama,Adult,1,1.18,,1.851,0.608,1.062,10.536,9.207,12.416,4.312,1.227,3.028,1.788,,,0.029153279,0.00957601,0.016726517,0.165942166,0.145010395,1,0.067914068,0.019325269,0.047691048,0.028161028
MCZ_148287,Brama,Brama dussumieri,Adult,1,1.31,,6.4,4.103,2.874,8.77,6.864,15.163,7.821,1.114,3.949,2.267,,,0.100800101,0.064622315,0.045265545,0.138127638,0.108108108,1,0.123180873,0.017545518,0.062196812,0.035705286
MCZ_148287_2,Brama,Brama dussumieri,Adult,1,0.808,,3.596,2.649,1.623,5.08,4.08,8.842,4.329,0.756,2.594,1.431,,,0.056637057,0.041721792,0.025562276,0.08001008,0.064260064,1,0.068181818,0.011907012,0.040855541,0.022538273
MCZ_148381,Caristius,Caristius fasciatus,Juvenile,0,0.635,,1.204,0.857,0.95,1.332,1.503,4.04,2.347,0.791,1.809,1.31,,,0.018963019,0.013497763,0.014962515,0.020979021,0.023672274,1,0.036965287,0.012458262,0.028491778,0.020632521
MCZ_150538_1,Taractichthys,Taractichthys steindachneri,Juvenile,0,0.609,,1.645,0.882,1.312,1.721,1.205,3.54,1.845,0.517,1.445,0.828,,,0.025908776,0.013891514,0.020664021,0.027105777,0.018978769,1,0.029058779,0.008142758,0.022758773,0.013041013
MCZ_150538_2,Taractichthys,Taractichthys steindachneri,Juvenile,0,0.704,,0.802,1.725,0.775,1.479,2.895,4.968,2.916,0.533,1.935,1.008,,,0.012631513,0.027168777,0.012206262,0.023294273,0.045596296,1,0.045927046,0.008394758,0.03047628,0.015876016
MCZ_161671,Taractes,Taractes asper,Juvenile,0,0.535,,1.827,0.663,1.242,1.8,1.411,4.109,1.737,0.615,1.503,0.996,,,0.028775279,0.01044226,0.01956152,0.028350028,0.022223272,1,0.027357777,0.00968626,0.023672274,0.015687016
MCZ_161934,Pterycombus,Pterycombus brama,Adult,1,0.82,,1.238,0.753,0.375,4.926,4.111,6.22,2.441,0.743,1.831,1.097,,,0.019498519,0.011859762,0.005906256,0.077584578,0.064748315,1,0.038445788,0.011702262,0.028838279,0.017277767
MCZ_161935,Pterycombus,Pterycombus brama,Adult,1,0.508,,1.129,0.435,0.345,3.225,2.586,4.219,1.876,0.481,1.329,0.872,,,0.017781768,0.006851257,0.005433755,0.050793801,0.040729541,1,0.02954703,0.007575758,0.020931771,0.013734014
MCZ_163284,Pterycombus,Pterycombus brama,Adult,1,0.58,,1.086,0.333,0.403,3.603,2.954,4.599,1.932,0.527,1.52,1.038,,,0.017104517,0.005244755,0.006347256,0.056747307,0.046525547,1,0.03042903,0.008300258,0.023940024,0.016348516
MCZ_164024,Caristius,Caristius fasciatus,Adult,1,1.985,,4.463,2.437,7.367,14.508,6.536,18.035,9.208,1.645,4.533,2.299,,,0.07029232,0.038382788,0.116030366,0.228501229,0.102942103,1,0.145026145,0.025908776,0.071394821,0.036209286
MCZ_164530,Brama,Brama brama,Adult,1,1.464,,4.888,3.232,1.961,7.049,5.609,11.876,5.586,1.105,3.401,1.595,,,0.076986077,0.050904051,0.030885781,0.111021861,0.088341838,1,0.087979588,0.017403767,0.053565804,0.025121275
MCZ_165872,Brama,Brama brama,Adult,1,0.544,,2.198,1.383,0.768,3.081,2.167,5.199,2.642,0.592,1.423,0.857,,,0.034618535,0.021782272,0.012096012,0.048525799,0.034130284,1,0.041611542,0.009324009,0.022412272,0.013497763
MCZ_171433,Pteraclis,Pteraclis carolinus,Juvenile,0,0.262,,0.442,0.172,0.135,1.335,1.095,1.537,0.784,0.284,0.722,0.417,,,0.006961507,0.002709003,0.002126252,0.021026271,0.017246267,1,0.012348012,0.004473004,0.011371511,0.006567757
MCZ_174129,Pterycombus,Pterycombus brama,Adult,1,3.21,,7.377,3.643,2.573,21.641,19.532,27.497,12.168,2.266,5.949,4.301,,,0.116187866,0.057377307,0.040524791,0.340846091,0.307629308,1,0.191646192,0.035689536,0.093696844,0.067740818
MCZ_31600,Brama,Brama sp.,Adult,1,3.984,,20.103,10.695,8.31,28.369,20.863,50.323,20.821,3.057,12.127,6.344,,,0.316622567,0.168446418,0.130882631,0.446812197,0.328592579,1,0.327931078,0.048147798,0.191000441,0.0999181
MCZ_40826_1,Brama,Brama brama,Juvenile,0,0.782,,0.982,1.767,1.306,3.138,2.189,5.567,2.93,0.658,1.834,0.996,,,0.015466515,0.027830278,0.020569521,0.049423549,0.034476784,1,0.046147546,0.01036351,0.028885529,0.015687016
MCZ_40826_2,Brama,Brama brama,Juvenile,0,0.626,,2.341,1.347,1.063,2.763,1.893,5.115,2.469,0.563,1.522,0.895,,,0.036870787,0.021215271,0.016742267,0.043517294,0.02981478,1,0.038886789,0.008867259,0.023971524,0.014096264
MCZ_40826_3,Brama,Brama brama,Juvenile,0,0.515,,1.841,0.865,0.624,1.845,1.495,3.517,1.945,0.485,1.326,0.754,,,0.028995779,0.013623764,0.00982801,0.029058779,0.023546274,1,0.030633781,0.007638758,0.020884521,0.011875512
MCZ_40826_4,Brama,Brama brama,Juvenile,0,0.399,,1.372,0.686,0.531,1.383,1.063,2.648,1.377,0.411,0.998,0.708,Blurry,,0.021609022,0.010804511,0.008363258,0.021782272,0.016742267,1,0.021687772,0.006473256,0.015718516,0.011151011
MCZ_40826_5,Brama,Brama brama,Juvenile,0,0.387,,1.463,0.615,0.368,1.22,0.931,1.976,1.097,0.356,0.866,0.453,,,0.023042273,0.00968626,0.005796006,0.019215019,0.014663265,1,0.017277767,0.005607006,0.013639514,0.007134757
MCZ_41558,Taractes,Taractes rubescens,Juvenile,0,0.341,,0.974,0.268,0.201,0.643,0.469,1.616,0.849,0.424,0.827,0.443,,,0.015340515,0.004221004,0.003165753,0.01012726,0.007386757,1,0.013371763,0.006678007,0.013025263,0.006977257
MCZ_46332,Brama,Brama raii,Adult,1,3.356,,13.49,1.646,4.677,18.898,13.066,31.265,13.883,2.196,8.524,4.461,,,0.212467712,0.025924526,0.073662824,0.297643798,0.205789706,1,0.218657469,0.034587035,0.134253134,0.07026082
MCZ_46338,Brama,Brama raii,Adult,1,3.349,,18.613,6.742,6.192,19.526,17.96,37.596,15.969,2.208,9.191,5.132,,,0.293155043,0.106186606,0.097524098,0.307534808,0.282870283,1,0.251512002,0.034776035,0.144758395,0.080829081
MCZ_55043,Eumegistus,Eumegistus brevorti,Juvenile,0,0.383,,1.339,0.344,0.633,1.114,0.659,2.226,1.379,0.459,1.049,0.62,,,0.021089271,0.005418005,0.00996976,0.017545518,0.01037926,1,0.021719272,0.007229257,0.016521767,0.00976501
MCZ_55044,Taractichthys,Taractichthys longipinnis,Juvenile,0,0.367,,0.975,0.218,0.184,0.834,0.474,1.493,0.912,0.345,0.7,0.444,,,0.015356265,0.003433503,0.002898003,0.013135513,0.007465507,1,0.014364014,0.005433755,0.011025011,0.006993007
MCZ_55045,Taractes,Taractes longipinnis,Juvenile,0,0.334,,1.075,0.573,0.329,0.691,0.65,1.653,1.021,0.396,0.831,0.456,,,0.016931267,0.009024759,0.005181755,0.010883261,0.01023751,1,0.016080766,0.006237006,0.013088263,0.007182007
MCZ_55338,Pteraclis,Pteraclis carolinus,Juvenile,0,0.188,,0.302,0.061,0.114,1.102,0.948,1.316,0.618,0.248,0.507,0.337,,,0.004756505,0.000960751,0.001795502,0.017356517,0.014931015,1,0.00973351,0.003906004,0.007985258,0.005307755
MCZ_57529,Brama,Brama sp.,Adult,1,3.779,,21.303,10.738,7.647,28.496,21.892,47.892,20.833,3.004,12.647,6.172,,,0.335522586,0.169123669,0.12044037,0.448812449,0.344799345,1,0.328120078,0.047313047,0.199190449,0.097209097
MCZ_59501,Pterycombus,Pterycombus brama,Adult,1,0.743,,1.541,0.711,0.291,6.671,5.814,7.96,3.09,0.618,1.964,1.035,,,0.024270774,0.011198261,0.004583255,0.105068355,0.091570592,1,0.048667549,0.00973351,0.030933031,0.016301266
MCZ_59503,Pterycombus,Pterycombus petersii,Adult,1,1.28,,4.576,1.228,1.047,14.342,5.693,16.537,6.446,1.195,3.325,2.082,,,0.072072072,0.019341019,0.016490266,0.225886726,0.08966484,1,0.101524602,0.018821269,0.052368802,0.032791533
MCZ_76100,Pterycombus,Pterycombus brama,Juvenile,0,0.607,,0.902,0.653,0.312,2.071,1.579,2.722,1.425,0.429,1.077,0.608,,,0.014206514,0.01028476,0.004914005,0.032618283,0.024869275,1,0.022443772,0.006756757,0.016962767,0.00957601
MCZ_76104_1,Pterycombus,Pterycombus brama,Juvenile,0,0.248,,0.512,0.188,0.131,0.676,0.453,1.063,0.562,0.227,0.472,0.292,,,0.008064008,0.002961003,0.002063252,0.010647011,0.007134757,1,0.008851509,0.003575254,0.007434007,0.004599005
MCZ_76104_2,Pterycombus,Pterycombus brama,Juvenile,0,0.314,,0.59,0.114,0.167,0.788,0.402,1.173,0.649,0.295,0.598,0.348,Crooked body,,0.009292509,0.001795502,0.002630253,0.012411012,0.006331506,1,0.01022176,0.004646255,0.009418509,0.005481005
MCZ_76104_3,Pterycombus,Pterycombus brama,Juvenile,0,0.449,,0.787,0.243,0.241,1.435,1.044,2.017,1.114,0.395,0.941,0.569,,,0.012395262,0.003827254,0.003795754,0.022601273,0.016443016,1,0.017545518,0.006221256,0.014820765,0.008961759
MCZ_76104_4,Pterycombus,Pterycombus brama,Juvenile,0,0.53,,0.881,0.375,0.309,2.129,1.51,2.815,1.322,0.389,1.072,0.689,,,0.013875764,0.005906256,0.004866755,0.033531784,0.023782524,1,0.020821521,0.006126756,0.016884017,0.010851761
MCZ_76104_6,Pterycombus,Pterycombus brama,Juvenile,0,0.411,,0.818,0.374,0.2,1.84,1.442,2.457,1.141,0.382,0.943,0.486,,,0.012883513,0.005890506,0.003150003,0.028980029,0.022711523,1,0.017970768,0.006016506,0.014852265,0.007654508
MCZ_76111_1,Pterycombus,Pterycombus brama,Juvenile,0,0.375,,0.855,0.434,0.14,1.71,1.439,2.373,1.241,0.454,0.981,0.555,,,0.013466263,0.006835507,0.002205002,0.026932527,0.022664273,1,0.01954577,0.007150507,0.015450765,0.008741259
MCZ_76111_2,Pterycombus,Pterycombus brama,Juvenile,0,0.438,,0.921,0.322,0.271,1.907,1.414,2.504,1.256,0.401,1.022,0.68,,,0.014505765,0.005071505,0.004268254,0.03003528,0.022270522,1,0.01978202,0.006315756,0.016096516,0.010710011
MCZ_76111_3,Pterycombus,Pterycombus brama,Juvenile,0,0.544,,1.032,0.388,0.278,2.343,1.905,3.123,1.36,0.479,1.15,0.711,,,0.016254016,0.006111006,0.004378504,0.036902287,0.03000378,1,0.021420021,0.007544258,0.018112518,0.011198261
MCZ_76111_4,Pterycombus,Pterycombus brama,Juvenile,0,0.572,,1.05,0.487,0.36,3.308,2.601,4.265,1.751,0.538,1.363,0.793,,,0.016537517,0.007670258,0.005670006,0.052101052,0.040965791,1,0.027578278,0.008473508,0.021467271,0.012489762
MCZ_76112,Pterycombus,Pterycombus brama,Juvenile,0,0.265,,0.79,0.186,0.236,1.118,0.412,1.548,0.9,0.325,0.776,0.462,Tail is bent,,0.012442512,0.002929503,0.003717004,0.017608518,0.006489006,1,0.014175014,0.005118755,0.012222012,0.007276507
MCZ_76115,Pterycombus,Pterycombus brama,Juvenile,0,0.519,,0.631,0.303,0.156,2.278,1.653,2.675,1.301,0.422,1.027,0.578,,,0.00993826,0.004772255,0.002457002,0.035878536,0.026034776,1,0.02049077,0.006646507,0.016175266,0.009103509
MCZ_98532,Brama,Brama japonica,Adult,1,1.186,,3.766,2.212,2.012,5.09,4.241,8.697,4.713,0.762,2.212,1.492,,,0.059314559,0.034839035,0.031689032,0.08016758,0.066795817,1,0.074229824,0.012001512,0.034839035,0.023499023
NSMT_P_41654,Xenobrama,Xenobrama microlepis,Adult,1,3.86,,19.505,5.119,11.568,26.622,16.864,45.205,19.31,3.338,12.38,6.549,,,0.307204057,0.080624331,0.182196182,0.419296919,0.265608266,1,0.304132804,0.052573553,0.194985195,0.103146853
NSMT_P_41655,Xenobrama,Xenobrama microlepis,Adult,1,3.49,,17.913,5.595,9.193,26.32,16.902,44.887,19.218,3.444,11.794,7.072,,,0.282130032,0.088121338,0.144789895,0.414540415,0.266206766,1,0.302683803,0.054243054,0.185755686,0.111384111
NSMT_P_41694,Xenobrama,Xenobrama microlepis,Adult,1,3.683,,15.639,7.015,12.901,26.575,15.99,46.312,17.139,3.542,12.565,7.605,,,0.246314496,0.11048636,0.203190953,0.418556669,0.251842752,1,0.26993952,0.055786556,0.197898948,0.11977887
NSMT_P_41695,Xenobrama,Xenobrama microlepis,Adult,1,3.749,,18.413,5.4,11.082,26.256,17.564,44.547,18.034,2.885,9.775,7.026,,,0.29000504,0.085050085,0.174541675,0.413532414,0.276633277,1,0.284035784,0.045438795,0.153956404,0.110659611
NSMT_P_41696,Xenobrama,Xenobrama microlepis,Adult,1,3.229,,16.125,5.262,10.021,26.587,15.727,43.407,17.629,2.997,11.59,6.8,,,0.253969004,0.082876583,0.157830908,0.418745669,0.247700498,1,0.277657028,0.047202797,0.182542683,0.107100107
NSMT_P_41697,Xenobrama,Xenobrama microlepis,Adult,1,3.924,,16.174,4.992,11.037,26.062,16.087,43.752,17.416,2.443,9.798,6.546,,,0.254740755,0.078624079,0.173832924,0.41047691,0.253370503,1,0.274302274,0.038477288,0.154318654,0.103099603
NSMT_P_41698,Xenobrama,Xenobrama microlepis,Adult,1,3.572,,14.577,5.671,11.055,26.729,17.153,44.103,17.333,2.814,10.374,7.99,,,0.22958798,0.089318339,0.174116424,0.420982171,0.27016002,1,0.272995023,0.044320544,0.163390663,0.125842626
NSMT_P_41848,Xenobrama,Xenobrama microlepis,Adult,1,4.001,,18.342,5.489,9.375,27.931,18.78,47.359,18.573,3.105,12.25,7.182,,,0.288886789,0.086451836,0.147656398,0.43991369,0.295785296,1,0.292525043,0.048903799,0.192937693,0.113116613
NSMT_P_41927,Xenobrama,Xenobrama microlepis,Adult,1,3.24,,16.582,5.628,11.182,26.193,16.585,44.036,17.796,3.32,9.993,6.285,,,0.261166761,0.088641089,0.176116676,0.412540163,0.261214011,1,0.28028728,0.052290052,0.157389907,0.098988849
NSMT_P_41947,Xenobrama,Xenobrama microlepis,Adult,1,3.226,,12.895,4.221,7.129,23.032,13.876,34.331,15.488,2.677,9.617,4.749,,,0.203096453,0.066480816,0.112281862,0.362754363,0.218547219,1,0.243936244,0.042162792,0.151467901,0.074796825
NSMT_P_41949,Xenobrama,Xenobrama microlepis,Adult,1,3.52,,13.589,4.553,9.379,21.588,14.222,35.937,14.67,2.278,8.598,5.509,,,0.214026964,0.071709822,0.147719398,0.34001134,0.223996724,1,0.231052731,0.035878536,0.135418635,0.086766837
NSMT_P_43079,Xenobrama,Xenobrama microlepis,Adult,1,3.759,,16.496,6.591,10.306,27.021,15.972,42.895,17.996,2.902,10.595,6.528,,,0.25981226,0.103808354,0.162319662,0.425581176,0.251559252,1,0.283437283,0.045706546,0.166871417,0.102816103
NSMT_P_43080,Xenobrama,Xenobrama microlepis,Adult,1,3.396,,16.905,3.393,13.126,29.434,18.699,49.862,19.304,3.528,11.509,6.695,,,0.266254016,0.053439803,0.206734707,0.463585964,0.294509545,1,0.304038304,0.055566056,0.181266931,0.105446355
NSMT_P_44284,Xenobrama,Xenobrama microlepis,Adult,1,3.812,,16.972,3.814,12.008,31.525,18.568,46.938,20.306,2.799,11.502,6.687,,,0.267309267,0.06007056,0.189126189,0.496519247,0.292446292,1,0.31981982,0.044084294,0.181156681,0.105320355
NSMT_P_44297,Xenobrama,Xenobrama microlepis,Adult,1,1.662,,12.173,2.837,8.558,20.23,13,34.346,13.013,1.908,6.848,2.553,,,0.191724942,0.044682795,0.134788635,0.318622819,0.204750205,1,0.204954955,0.03005103,0.107856108,0.04020979
NSMT_P_44299,Xenobrama,Xenobrama microlepis,Adult,1,3.496,,19.085,2.469,12.078,29.142,19.263,49.285,18.974,3.061,10.674,5.76,,,0.300589051,0.038886789,0.19022869,0.458986959,0.303392553,1,0.298840799,0.048210798,0.168115668,0.090720091
NSMT_P_64804,Pteraclis,Pteraclis aesticola,Adult,1,4.652,,5.546,1.683,2.109,42.644,38.193,46.12,12.022,2.086,8.636,4.378,,,0.087349587,0.026507277,0.033216783,0.671643672,0.601540352,1,0.189346689,0.032854533,0.136017136,0.068953569
NSMT_P_64809,Eumegistus,Eumegistus illustris,Adult,1,2.801,,15.246,4.412,8.704,23.42,13.727,39.337,16.513,2.047,8.421,4.673,,,0.24012474,0.069489069,0.137088137,0.368865369,0.216200466,1,0.26008001,0.032240282,0.132630883,0.073599824
UC_raii,Brama,Brama brama,Adult,1,2.509,,12.028,7.115,4.263,14.966,11.784,25.264,12.391,1.735,6.806,4.148,,,0.189441189,0.112061362,0.067142317,0.235714736,0.185598186,1,0.195158445,0.027326277,0.107194607,0.065331065
Uc_sp19-3,Taractichthys,Taractichthys longipinnis,Adult,1,2.671,,16.529,4.728,9.445,20.036,17.511,34.527,17.873,2.186,9.77,5.625,,,0.26033201,0.074466074,0.148758899,0.315567316,0.275798526,1,0.281500032,0.034429534,0.153877654,0.088593839
